{"executionTime":0,"status":true,"citiBikeDto":{"endLocation":"40.74144387,-73.97536082","bikerId":14821,"travelTime":1857,"id":42838,"typeId":1,"time":1372821056000,"startLocation":"40.76227205,-73.98788205"},"intermediatePoints":["40.76224,-73.98791","40.76287,-73.98941","40.76162,-73.99032","40.75993,-73.99154","40.75842,-73.99264","40.75603,-73.98695","40.75485,-73.98412","40.75449,-73.98327","40.75387,-73.98178","40.75242,-73.97837","40.75206,-73.97756","40.75035,-73.97346","40.74981,-73.9722","40.74915,-73.9727","40.74852,-73.97314","40.74793,-73.97361","40.74729,-73.97405","40.74663,-73.97451","40.74643,-73.97465","40.74543,-73.97539","40.74465,-73.97598","40.74268,-73.97742","40.74225,-73.97773","40.74216,-73.97749","40.74212,-73.97733","40.74145,-73.97576","40.74127,-73.97534","40.7414,-73.97525"],"pointDataSetMap":{"40.7414,-73.97525":[{"id":59046,"time":1372821040000,"startLocation":"40.74919925993817,-73.97663819531617"}],"40.74793,-73.97361":[{"id":59046,"time":1372821040000,"startLocation":"40.74919925993817,-73.97663819531617"}],"40.75485,-73.98412":[{"id":59046,"time":1372821040000,"startLocation":"40.74919925993817,-73.97663819531617"}],"40.76224,-73.98791":[{"id":59046,"time":1372821040000,"startLocation":"40.74919925993817,-73.97663819531617"}],"40.74981,-73.9722":[{"id":59046,"time":1372821040000,"startLocation":"40.74919925993817,-73.97663819531617"}],"40.74268,-73.97742":[{"id":59046,"time":1372821040000,"startLocation":"40.74919925993817,-73.97663819531617"}],"40.74643,-73.97465":[{"id":59046,"time":1372821040000,"startLocation":"40.74919925993817,-73.97663819531617"}],"40.74212,-73.97733":[{"id":59046,"time":1372821040000,"startLocation":"40.74919925993817,-73.97663819531617"}],"40.75993,-73.99154":[{"id":59046,"time":1372821040000,"startLocation":"40.74919925993817,-73.97663819531617"}],"40.75242,-73.97837":[{"id":59046,"time":1372821040000,"startLocation":"40.74919925993817,-73.97663819531617"}]}}